{
  "declaration.d.ts": 1778324362.6681848,
  "eslint.config.mjs": 1778315597.4825742,
  "next-env.d.ts": 1778315713.7326255,
  "next.config.ts": 1778315597.695354,
  "postcss.config.mjs": 1778315597.5527017,
  "prisma.config.ts": 1778474935.375605,
  "proxy.ts": 1778484549.2316842,
  "app\\layout.tsx": 1778491163.5516655,
  "app\\page.tsx": 1778315780.1740541,
  "app\\(dashboard)\\documents\\upload\\page.tsx": 1778505955.1160047,
  "app\\actions\\documents.ts": 1778505893.8134036,
  "app\\api\\webhooks\\clerk\\route.ts": 1778493495.4724617,
  "app\\data\\data.ts": 1778485528.3354664,
  "components\\ui\\button.tsx": 1778406895.7148216,
  "components\\ui\\common\\Footer.tsx": 1778491155.5390506,
  "components\\ui\\common\\Header.tsx": 1778491149.9637568,
  "generated\\prisma\\browser.ts": 1778475489.6412363,
  "generated\\prisma\\client.ts": 1778475489.6401267,
  "generated\\prisma\\commonInputTypes.ts": 1778475489.6417718,
  "generated\\prisma\\enums.ts": 1778475489.6401267,
  "generated\\prisma\\models.ts": 1778475489.6412363,
  "generated\\prisma\\internal\\class.ts": 1778475489.6495755,
  "generated\\prisma\\internal\\prismaNamespace.ts": 1778475489.6488256,
  "generated\\prisma\\internal\\prismaNamespaceBrowser.ts": 1778475489.6495755,
  "generated\\prisma\\models\\Document.ts": 1778475489.6473167,
  "generated\\prisma\\models\\DocumentAI.ts": 1778475489.6488256,
  "generated\\prisma\\models\\DocumentVersion.ts": 1778475489.648074,
  "generated\\prisma\\models\\File.ts": 1778475489.6488256,
  "generated\\prisma\\models\\Organization.ts": 1778475489.6473167,
  "generated\\prisma\\models\\OrganizationInvite.ts": 1778475489.648074,
  "generated\\prisma\\models\\OrganizationMember.ts": 1778475489.6473167,
  "generated\\prisma\\models\\User.ts": 1778475489.6495755,
  "lib\\auth.ts": 1778494078.196686,
  "lib\\blob.ts": 1778484327.8612342,
  "lib\\constants.ts": 1778505094.0428176,
  "lib\\gemini.ts": 1778492534.9513233,
  "lib\\prisma.ts": 1778475401.6256678,
  "lib\\utils.ts": 1778406895.9312112,
  "types\\index.ts": 1778485843.1838434,
  "AGENTS.md": 1778315696.154758,
  "CLAUDE.md": 1778474994.9384868,
  "GEMINI.md": 1778505676.0667737,
  "README.md": 1778315597.4493587,
  "public\\file.svg": 1778315597.5752976,
  "public\\globe.svg": 1778315597.5954938,
  "public\\next.svg": 1778315597.6147492,
  "public\\vercel.svg": 1778315597.6325524,
  "public\\window.svg": 1778315597.6523764
}